,accuracy,auc,loss,precision,recall
0,0.9851315021514893,0.9964902400970459,0.04633346572518349,0.993130087852478,0.9901540875434875
