,accuracy,auc,loss,precision,recall
0,0.8272809982299805,0.9075273275375366,0.38763704895973206,0.8157644867897034,0.8216164708137512
