,accuracy,auc,loss,precision,recall
0,0.8370326161384583,0.919140636920929,0.366206556558609,0.815315306186676,0.8454352617263794
