,accuracy,auc,loss,precision,recall
0,0.9709146618843079,0.9863220453262329,0.07654214650392532,0.9804836511611938,0.9871849417686462
