,accuracy,auc,loss,precision,recall
0,0.8270540237426758,0.9110912084579468,0.3797686994075775,0.8277754187583923,0.8470842242240906
