,accuracy,auc,loss,precision,recall
0,0.9637819528579712,0.9947172403335571,0.07054729014635086,0.7893333435058594,0.9487179517745972
