,accuracy,auc,loss,precision,recall
0,0.8412317633628845,0.9231141805648804,0.35600414872169495,0.8127049207687378,0.8547413945198059
