,accuracy,auc,loss,precision,recall
0,0.9705319404602051,0.9764195680618286,0.09756048768758774,0.8884891867637634,0.8430033922195435
