,accuracy,auc,loss,precision,recall
0,0.7924414873123169,0.8709429502487183,0.4427916705608368,0.7623913884162903,0.7225181460380554
