,accuracy,auc,loss,precision,recall
0,0.9665131568908691,0.9878844022750854,0.0887821763753891,0.9764373302459717,0.9857279062271118
