,accuracy,auc,loss,precision,recall
0,0.8002399802207947,0.8800342082977295,0.43602535128593445,0.749544620513916,0.7856801748275757
