,accuracy,auc,loss,precision,recall
0,0.9104289412498474,0.9082629680633545,0.22033028304576874,0.9340454936027527,0.9658981561660767
