,accuracy,auc,loss,precision,recall
0,0.9083263278007507,0.9193170070648193,0.24566830694675446,0.9464027285575867,0.9482341408729553
