,accuracy,auc,loss,precision,recall
0,0.9359564781188965,0.9854680299758911,0.12178964912891388,0.9894683957099915,0.9372921586036682
