,accuracy,auc,loss,precision,recall
0,0.9490101933479309,0.9141070246696472,0.1386694610118866,0.6507936716079712,0.27986347675323486
