,accuracy,auc,loss,precision,recall
0,0.7949579954147339,0.8891789317131042,0.42203617095947266,0.8509804010391235,0.7209302186965942
