,accuracy,auc,loss,precision,recall
0,0.9082183837890625,0.8996697664260864,0.23039236664772034,0.33634719252586365,0.6690647602081299
