,accuracy,auc,loss,precision,recall
0,0.8134453892707825,0.8902744054794312,0.42488691210746765,0.8582996129989624,0.7361111044883728
