,accuracy,auc,loss,precision,recall
0,0.9576084613800049,0.9813689589500427,0.13261954486370087,0.6102783679962158,0.9047619104385376
