,accuracy,auc,loss,precision,recall
0,0.9726054668426514,0.9789600968360901,0.07257213443517685,0.7820069193840027,0.753333330154419
