,accuracy,auc,loss,precision,recall
0,0.7896420955657959,0.9521266222000122,0.5199556946754456,0.8122866749763489,0.7614477276802063
