,accuracy,auc,loss,precision,recall
0,0.7768446207046509,0.9436109066009521,0.569530189037323,0.8078871965408325,0.7332533597946167
