,accuracy,auc,loss,precision,recall
0,0.7564486861228943,0.9314682483673096,0.6663824319839478,0.7693742513656616,0.7424514889717102
