,accuracy,auc,loss,precision,recall
0,0.7746450901031494,0.937849760055542,0.6703737378120422,0.7836508750915527,0.7648470401763916
